"Pair","Bin","MomentumRange","N_WT_total","N_variant_total","A","Uncertainty","Significance","Significant"
"E. coli",1,"0-0.654",18403119,18400222,289.7,1485.36131,0.2,FALSE
"E. coli",2,"0.654-1.32",17645292,17621868,2342.4,2060.89566,1.14,FALSE
"E. coli",3,"1.32-2.68",19555864,19531055,2480.9,1446.76962,1.71,FALSE
"E. coli",4,"2.68-5.88",21392457,21345164,4729.3,2951.55865,1.6,FALSE
"E. coli",5,">5.88",15129956,15079233,5072.3,2278.04727,2.23,FALSE
"Bacillus subtilis",1,"0-0.654",1240435,1239322,111.3,350.35159,0.32,FALSE
"Bacillus subtilis",2,"0.654-1.32",2020151,2021862,-171.1,772.11865,-0.22,FALSE
"Bacillus subtilis",3,"1.32-2.68",2611998,2611426,57.2,647.81853,0.09,FALSE
"Bacillus subtilis",4,"2.68-5.88",3021488,3010945,1054.3,917.13976,1.15,FALSE
"Bacillus subtilis",5,">5.88",2693155,2677391,1576.4,1113.05637,1.42,FALSE
"Pseudomonas aeruginosa",1,"0-0.654",337477,331758,571.9,344.33719,1.66,FALSE
"Pseudomonas aeruginosa",2,"0.654-1.32",774680,762661,1201.9,575.22449,2.09,FALSE
"Pseudomonas aeruginosa",3,"1.32-2.68",1251665,1231882,1978.3,513.69058,3.85,TRUE
"Pseudomonas aeruginosa",4,"2.68-5.88",1582696,1552040,3065.6,1594.61094,1.92,FALSE
"Pseudomonas aeruginosa",5,">5.88",1632175,1590106,4206.9,1504.55445,2.8,FALSE
"Streptococcus pneumoniae",1,"0-0.654",63106,61929,117.7,120.56262,0.98,FALSE
"Streptococcus pneumoniae",2,"0.654-1.32",154988,152691,229.7,210.78902,1.09,FALSE
"Streptococcus pneumoniae",3,"1.32-2.68",278738,274868,387,182.92682,2.12,FALSE
"Streptococcus pneumoniae",4,"2.68-5.88",372537,366339,619.8,482.22789,1.29,FALSE
"Streptococcus pneumoniae",5,">5.88",407961,398863,909.8,368.0564,2.47,FALSE
"Mycobacterium tuberculosis",1,"0-0.654",6943,6902,4.1,54.00916,0.08,FALSE
"Mycobacterium tuberculosis",2,"0.654-1.32",18660,18514,14.6,53.4586,0.27,FALSE
"Mycobacterium tuberculosis",3,"1.32-2.68",37833,37483,35,77.75174,0.45,FALSE
"Mycobacterium tuberculosis",4,"2.68-5.88",54481,54036,44.5,95.66289,0.47,FALSE
"Mycobacterium tuberculosis",5,">5.88",64222,63169,105.3,145.99319,0.72,FALSE
"Salmonella enterica",1,"0-0.654",164,146,1.8,6.37356,0.28,FALSE
"Salmonella enterica",2,"0.654-1.32",461,423,3.8,6.26808,0.61,FALSE
"Salmonella enterica",3,"1.32-2.68",1042,984,5.8,15.46897,0.37,FALSE
"Salmonella enterica",4,"2.68-5.88",1662,1630,3.2,17.37047,0.18,FALSE
"Salmonella enterica",5,">5.88",2153,2135,1.8,21.77562,0.08,FALSE
